supplier_id,supplier_name,avg_lead_time_days,fill_rate
SUP001,Supplier 1,12,0.93
SUP002,Supplier 2,11,0.89
SUP003,Supplier 3,3,0.91
SUP004,Supplier 4,4,0.89
SUP005,Supplier 5,8,0.87
SUP006,Supplier 6,8,0.98
SUP007,Supplier 7,13,0.95
SUP008,Supplier 8,5,0.84
